Order,Variable,Description,Category,Hierarchy Level,Hierarchy Description,RootFormula,Type,Size,Part
0,CODE,Code,Geography,1,Code,,V_String,16,1
0,GEO,Geographic Summarization Indicator,Geography,1,Geographic Summarization Indicator,,V_String,16,1
1,HSBASHHD,Total Households,Basics,1,Total Households,[HSBASHHD],Int64,8,1
2,HSHNIAGG,Household Income,Basics,1,Household Income,[HSHNIAGG],Double,8,1
3,HSAGDISPIN,Household Disposable Income,Basics,1,Household Disposable Income,[HSAGDISPIN],Double,8,1
4,HSAGDISCIN,Household Discretionary Income,Basics,1,Household Discretionary Income,[HSAGDISCIN],Double,8,1
5,HSTT001,Total Expenditure,Household Expenditures (Category Summary),1,Total Expenditure,[HSTT001],Double,8,1
6,HSTE001,Total current consumption and financial transfers,Household Expenditures (Category Summary),2,Total current consumption and financial transfers,[HSTE001],Double,8,1
7,HSTX001,Income taxes,Household Expenditures (Category Summary),3,Income taxes,[HSTE001],Double,8,1
8,HSTC001,Total current consumption,Household Expenditures (Category Summary),3,Total current consumption,[HSTC001],Double,8,1
9,HSFD001S,Food expenditures,Household Expenditures (Category Summary),4,Food expenditures,[HSTC001],Double,8,1
10,HSHO001S,Household operations,Household Expenditures (Category Summary),4,Household operations,[HSTC001],Double,8,1
11,HSHF001S,Household furnishings and equipment,Household Expenditures (Category Summary),4,Household furnishings and equipment,[HSTC001],Double,8,1
12,HSTR001S,Transportation,Household Expenditures (Category Summary),4,Transportation,[HSTC001],Double,8,1
13,HSHC001S,Health care,Household Expenditures (Category Summary),4,Health care,[HSTC001],Double,8,1
14,HSPC001S,Personal care,Household Expenditures (Category Summary),4,Personal care,[HSTC001],Double,8,1
15,HSRE001S,Recreation,Household Expenditures (Category Summary),4,Recreation,[HSTC001],Double,8,1
16,HSRO001S,Reading materials and other printed matter,Household Expenditures (Category Summary),4,Reading materials and other printed matter,[HSTC001],Double,8,1
17,HSTA018S,"Tobacco products, alcoholic beverages and cannabis for non-medical use",Household Expenditures (Category Summary),4,"Tobacco products, alcoholic beverages and cannabis for non-medical use",[HSTC001],Double,8,1
18,HSGC001S,Games of chance,Household Expenditures (Category Summary),4,Games of chance,[HSTC001],Double,8,1
19,HSME001S,Miscellaneous expenditures,Household Expenditures (Category Summary),4,Miscellaneous expenditures,[HSTC001],Double,8,1
20,HSSH001S,Shelter,Household Expenditures (Category Summary),4,Shelter,[HSTC001],Double,8,1
21,HSCL030S,Clothing and accessories,Household Expenditures (Category Summary),4,Clothing and accessories,[HSTC001],Double,8,1
22,HSED002S,Education,Household Expenditures (Category Summary),4,Education,[HSTC001],Double,8,1
23,HSEP011S,Personal insurance premiums and retirement/pension fund contributions,Household Expenditures (Category Summary),3,Personal insurance premiums and retirement/pension fund contributions,[HSTE001],Double,8,1
24,HSMG001S,"Gifts of money, support payments and charitable contributions",Household Expenditures (Category Summary),3,"Gifts of money, support payments and charitable contributions",[HSTE001],Double,8,1
25,HSTE001ZBS,Total Non Current Consumption,Household Expenditures (Category Summary),2,Total Non Current Consumption,[HSTT001],Double,8,1
26,HSWH040S,Net purchase price of owned residences,Household Expenditures (Category Summary),3,Net purchase price of owned residences,[HSTE001ZB],Double,8,1
27,HSWH041S,Net purchase price of owned secondary residences,Household Expenditures (Category Summary),3,Net purchase price of owned secondary residences,[HSTE001ZB],Double,8,1
28,HSWH042S,Net purchase price of other owned properties,Household Expenditures (Category Summary),3,Net purchase price of other owned properties,[HSTE001ZB],Double,8,1
29,HSWH050S,Owned principal residence improvements and renovations,Household Expenditures (Category Summary),3,Owned principal residence improvements and renovations,[HSTE001ZB],Double,8,1
30,HSWH028S,Improvements and renovations of secondary residences,Household Expenditures (Category Summary),3,Improvements and renovations of secondary residences,[HSTE001ZB],Double,8,1
31,HSFD001,Food expenditures,Food,4,Food expenditures,[HSFD001],Double,8,1
32,HSFD003,Food purchased from stores,Food,5,Food purchased from stores,[HSFD001],Double,8,1
33,HSFD990,Food purchased from restaurants,Food,5,Food purchased from restaurants,[HSFD001],Double,8,1
34,HSFD991,Restaurant meals,Food,6,Restaurant meals,[HSFD001],Double,8,1
35,HSFD992,Restaurant dinners,Food,7,Restaurant dinners,[HSFD001],Double,8,1
36,HSFD993,Restaurant lunches,Food,7,Restaurant lunches,[HSFD001],Double,8,1
37,HSFD994,Restaurant breakfasts,Food,7,Restaurant breakfasts,[HSFD001],Double,8,1
38,HSFD995,Restaurant snacks and beverages,Food,6,Restaurant snacks and beverages,[HSFD001],Double,8,1
39,HSFD1100,Ready-to-cook meal delivery services,Food,5,Ready-to-cook meal delivery services,[HSFD001],Double,8,1
40,HSHO001,Household operations,Household Operations,4,Household operations,[HSHO001],Double,8,1
41,HSHO010,Household cleaning supplies and equipment,Household Operations,5,Household cleaning supplies and equipment,[HSHO001],Double,8,1
42,HSHO011,Detergent and other soaps,Household Operations,6,Detergent and other soaps,[HSHO001],Double,8,1
43,HSHO013,Cleaning equipment (non-electric),Household Operations,6,Cleaning equipment (non-electric),[HSHO001],Double,8,1
44,HSHO012,Other household cleaning supplies,Household Operations,6,Other household cleaning supplies,[HSHO001],Double,8,1
45,HSHO014,"Paper, plastic and foil supplies",Household Operations,5,"Paper, plastic and foil supplies",[HSHO001],Double,8,1
46,HSHO015,Stationery (excluding school supplies),Household Operations,6,Stationery (excluding school supplies),[HSHO001],Double,8,1
47,HSHO016,Other paper supplies,Household Operations,6,Other paper supplies,[HSHO001],Double,8,1
48,HSHO017,Plastic and foil supplies,Household Operations,6,Plastic and foil supplies,[HSHO001],Double,8,1
49,HSHO018,Garden supplies and services,Household Operations,5,Garden supplies and services,[HSHO001],Double,8,1
50,HSHO021,"Groundskeeping services, snow and garbage removal",Household Operations,6,"Groundskeeping services, snow and garbage removal",[HSHO001],Double,8,1
51,HSHO019,"Nursery and greenhouse stock, cut flowers, decorative plants and seeds",Household Operations,6,"Nursery and greenhouse stock, cut flowers, decorative plants and seeds",[HSHO001],Double,8,1
52,HSHO020,Fertilizers/herbicides/insecticides/pesticides/soil/soil conditioners,Household Operations,6,Fertilizers/herbicides/insecticides/pesticides/soil/soil conditioners,[HSHO001],Double,8,1
53,HSHO022,Other household supplies,Household Operations,5,Other household supplies,[HSHO001],Double,8,1
54,HSCS030,Communications,Household Operations,5,Communications,[HSHO001],Double,8,1
55,HSCS003,Telephone services and equipment,Household Operations,6,Telephone services and equipment,[HSHO001],Double,8,1
56,HSCS004,Landline telephone services,Household Operations,7,Landline telephone services,[HSHO001],Double,8,1
57,HSCS005,Cell phone and pager services,Household Operations,7,Cell phone and pager services,[HSHO001],Double,8,1
58,HSCS021,Telephones and other equipment,Household Operations,7,Telephones and other equipment,[HSHO001],Double,8,1
59,HSCS007,Internet access services,Household Operations,6,Internet access services,[HSHO001],Double,8,1
60,HSCS008,Digital services,Household Operations,6,Digital services,[HSHO001],Double,8,1
61,HSCS020,"Postal, courier, delivery and other communication services",Household Operations,6,"Postal, courier, delivery and other communication services",[HSHO001],Double,8,1
62,HSHO002,Domestic and other custodial services (excluding child care),Household Operations,5,Domestic and other custodial services (excluding child care),[HSHO001],Double,8,1
63,HSHO003,Pet expenses,Household Operations,5,Pet expenses,[HSHO001],Double,8,1
64,HSHO052,Pet food and pet-related goods,Household Operations,6,Pet food and pet-related goods,[HSHO001],Double,8,1
65,HSHO050,Purchase of pets,Household Operations,6,Purchase of pets,[HSHO001],Double,8,1
66,HSHO006,Veterinarian and other services,Household Operations,6,Veterinarian and other services,[HSHO001],Double,8,1
67,HSCC001,Child care,Household Operations,5,Child care,[HSHO001],Double,8,1
68,HSCC021,Child care outside the home,Household Operations,6,Child care outside the home,[HSHO001],Double,8,1
69,HSCC022,Child care in the home,Household Operations,6,Child care in the home,[HSHO001],Double,8,1
70,HSHF001,Household furnishings and equipment,House Furnishings,4,Household furnishings and equipment,[HSHF001],Double,8,1
71,HSHF002,Household furnishings,House Furnishings,5,Household furnishings,[HSHF001],Double,8,1
72,HSHF003,Furniture,House Furnishings,6,Furniture,[HSHF001],Double,8,1
73,HSHF004,"Rugs, mats and under-padding",House Furnishings,6,"Rugs, mats and under-padding",[HSHF001],Double,8,1
74,HSHF005A,"Works of art, carvings and other decorative ware",House Furnishings,6,"Works of art, carvings and other decorative ware",[HSHF001],Double,8,1
75,HSHF006,Linens,House Furnishings,6,Linens,[HSHF001],Double,8,1
76,HSHF008,"Other household furnishings (curtains, mirrors and picture frames)",House Furnishings,6,"Other household furnishings (curtains, mirrors and picture frames)",[HSHF001],Double,8,1
77,HSHF007,Lamps and lampshades,House Furnishings,7,Lamps and lampshades,[HSHF001],Double,8,1
78,HSHF008B,Curtains and interior blinds,House Furnishings,7,Curtains and interior blinds,[HSHF001],Double,8,1
79,HSHF008C,"Glass mirrors, mirrors and picture frames",House Furnishings,7,"Glass mirrors, mirrors and picture frames",[HSHF001],Double,8,1
80,HSHF008A,All other household furnishings,House Furnishings,7,All other household furnishings,[HSHF001],Double,8,1
81,HSHE001,Household equipment,House Furnishings,5,Household equipment,[HSHF001],Double,8,1
82,HSHE002,Household appliances,House Furnishings,6,Household appliances,[HSHF001],Double,8,1
83,HSHE008,"Room air conditioners, portable humidifiers and dehumidifiers",House Furnishings,7,"Room air conditioners, portable humidifiers and dehumidifiers",[HSHF001],Double,8,1
84,HSHE050,Refrigerators and freezers,House Furnishings,7,Refrigerators and freezers,[HSHF001],Double,8,1
85,HSHE051,Microwave ovens and cooking appliances,House Furnishings,7,Microwave ovens and cooking appliances,[HSHF001],Double,8,1
86,HSHE052,"Washers, dryers and dishwashers",House Furnishings,7,"Washers, dryers and dishwashers",[HSHF001],Double,8,1
87,HSHE009,Other electric equipment and appliances,House Furnishings,7,Other electric equipment and appliances,[HSHF001],Double,8,1
88,HSHE009A,All other electric equipment and appliances,House Furnishings,8,All other electric equipment and appliances,[HSHF001],Double,8,1
89,HSHE009B,Small electric food preparation appliances,House Furnishings,8,Small electric food preparation appliances,[HSHF001],Double,8,1
90,HSHE009C,"Sewing machines, vacuum cleaners and other rug cleaning equipment",House Furnishings,8,"Sewing machines, vacuum cleaners and other rug cleaning equipment",[HSHF001],Double,8,1
91,HSHE009D,Attachments and parts for major appliances,House Furnishings,8,Attachments and parts for major appliances,[HSHF001],Double,8,1
92,HSHE010,Other household equipment,House Furnishings,6,Other household equipment,[HSHF001],Double,8,1
93,HSHE011,Home and workshop tools and equipment,House Furnishings,7,Home and workshop tools and equipment,[HSHF001],Double,8,1
94,HSHE031,Power tools and equipment,House Furnishings,8,Power tools and equipment,[HSHF001],Double,8,1
95,HSHE011B,Other tools,House Furnishings,8,Other tools,[HSHF001],Double,8,1
96,HSHE011C,Hardware,House Furnishings,8,Hardware,[HSHF001],Double,8,1
97,HSHE012,"Lawn, garden and snow-removal equipment and tools",House Furnishings,7,"Lawn, garden and snow-removal equipment and tools",[HSHF001],Double,8,1
98,HSHE032,"Power lawn, garden and snow-removal equipment",House Furnishings,8,"Power lawn, garden and snow-removal equipment",[HSHF001],Double,8,1
99,HSHE012B,"Other lawn, garden and snow-removal tools and equipment attachments",House Furnishings,8,"Other lawn, garden and snow-removal tools and equipment attachments",[HSHF001],Double,8,1
100,HSHE012C,Parts and accessories for garden tools,House Furnishings,8,Parts and accessories for garden tools,[HSHF001],Double,8,1
101,HSHE013,Non-electric kitchen and cooking equipment,House Furnishings,7,Non-electric kitchen and cooking equipment,[HSHF001],Double,8,1
102,HSHE013A,Other non-electric kitchen and cooking equipment,House Furnishings,8,Other non-electric kitchen and cooking equipment,[HSHF001],Double,8,1
103,HSHE013B,"Cutlery, flatware and silverware",House Furnishings,8,"Cutlery, flatware and silverware",[HSHF001],Double,8,1
104,HSHE015,"Other household equipment, parts and accessories",House Furnishings,7,"Other household equipment, parts and accessories",[HSHF001],Double,8,1
105,HSHE014,Luggage,House Furnishings,8,Luggage,[HSHF001],Double,8,1
106,HSHE015A,"All other household equipment, parts and accessories",House Furnishings,8,"All other household equipment, parts and accessories",[HSHF001],Double,8,1
107,HSHE015B,Home security equipment,House Furnishings,8,Home security equipment,[HSHF001],Double,8,1
108,HSHE017,Maintenance/rental/repairs/services related to household furnishings/equipment,House Furnishings,5,Maintenance/rental/repairs/services related to household furnishings/equipment,[HSHF001],Double,8,1
109,HSHE020,Services related to household furnishings and equipment,House Furnishings,5,Services related to household furnishings and equipment,[HSHF001],Double,8,1
110,HSHE023,Home security services,House Furnishings,6,Home security services,[HSHF001],Double,8,1
111,HSHE024,Rental of heating equipment,House Furnishings,6,Rental of heating equipment,[HSHF001],Double,8,1
112,HSTR001,Transportation,Transportation,4,Transportation,[HSTR001],Double,8,1
113,HSTR002,Private transportation,Transportation,5,Private transportation,[HSTR001],Double,8,1
114,HSTR003,Private use vehicles,Transportation,6,Private use vehicles,[HSTR001],Double,8,1
115,HSTR004,Purchase of vehicles,Transportation,7,Purchase of vehicles,[HSTR001],Double,8,1
116,HSTR005,Purchase of automobiles,Transportation,8,Purchase of automobiles,[HSTR001],Double,8,1
117,HSTR006,Purchase of vans and mini-vans,Transportation,8,Purchase of vans and mini-vans,[HSTR001],Double,8,1
118,HSTR007,Purchase of trucks and sports utility vehicles,Transportation,8,Purchase of trucks and sports utility vehicles,[HSTR001],Double,8,1
119,HSTR008,Accessories for vehicles,Transportation,7,Accessories for vehicles,[HSTR001],Double,8,1
120,HSTR058,Accessories for vehicles (excluding children's car and booster seats),Transportation,8,Accessories for vehicles (excluding children's car and booster seats),[HSTR001],Double,8,1
121,HSTR009,Children's car seats and booster seats,Transportation,8,Children's car seats and booster seats,[HSTR001],Double,8,1
122,HSTR010,"Regular and other leasing fees for automobiles, trucks and vans",Transportation,7,"Regular and other leasing fees for automobiles, trucks and vans",[HSTR001],Double,8,1
123,HSTR011,"Regular leasing fees for automobiles, trucks and vans",Transportation,8,"Regular leasing fees for automobiles, trucks and vans",[HSTR001],Double,8,1
124,HSTR012,Regular fees for leased automobiles,Transportation,9,Regular fees for leased automobiles,[HSTR001],Double,8,1
125,HSTR112,Regular fees for leased vans and trucks,Transportation,9,Regular fees for leased vans and trucks,[HSTR001],Double,8,1
126,HSTR013,Regular fees for leased vans,Transportation,10,Regular fees for leased vans,[HSTR001],Double,8,1
127,HSTR014,Regular fees for leased trucks,Transportation,10,Regular fees for leased trucks,[HSTR001],Double,8,1
128,HSTR015,Other leasing costs for vehicles,Transportation,8,Other leasing costs for vehicles,[HSTR001],Double,8,1
129,HSTR020,Rented vehicles,Transportation,6,Rented vehicles,[HSTR001],Double,8,1
130,HSTR030,Vehicle operations,Transportation,6,Vehicle operations,[HSTR001],Double,8,1
131,HSTR031,Vehicle registration fees,Transportation,7,Vehicle registration fees,[HSTR001],Double,8,1
132,HSTR085,Public and private vehicle insurance premiums,Transportation,7,Public and private vehicle insurance premiums,[HSTR001],Double,8,1
133,HSTR033,"Tires, batteries, and other parts and supplies for vehicles",Transportation,7,"Tires, batteries, and other parts and supplies for vehicles",[HSTR001],Double,8,1
134,HSTR034,Maintenance and repairs of vehicles,Transportation,7,Maintenance and repairs of vehicles,[HSTR001],Double,8,1
135,HSTR038,Parking costs,Transportation,7,Parking costs,[HSTR001],Double,8,1
136,HSTR039,"Drivers' licences and tests, and driving lessons",Transportation,7,"Drivers' licences and tests, and driving lessons",[HSTR001],Double,8,1
137,HSTR040,Drivers' licences and tests,Transportation,8,Drivers' licences and tests,[HSTR001],Double,8,1
138,HSTR041,Driving lessons,Transportation,8,Driving lessons,[HSTR001],Double,8,1
139,HSTR071,"Vehicle operation, security and communication services",Transportation,7,"Vehicle operation, security and communication services",[HSTR001],Double,8,1
140,HSTR036,Gas and other fuels,Transportation,7,Gas and other fuels,[HSTR001],Double,8,1
141,HSTR070,Public transportation,Transportation,5,Public transportation,[HSTR001],Double,8,1
142,HSTR051,"City or commuter bus, subway, street car and commuter train",Transportation,6,"City or commuter bus, subway, street car and commuter train",[HSTR001],Double,8,1
143,HSTR052,Taxi,Transportation,6,Taxi,[HSTR001],Double,8,1
144,HSTR059,Peer-to-peer ride services,Transportation,6,Peer-to-peer ride services,[HSTR001],Double,8,1
145,HSTR053,Other local passenger transportation,Transportation,6,Other local passenger transportation,[HSTR001],Double,8,1
146,HSTR054,Airplane,Transportation,6,Airplane,[HSTR001],Double,8,1
147,HSTR055,Inter-city bus,Transportation,6,Inter-city bus,[HSTR001],Double,8,1
148,HSTR056,Other inter-city passenger transportation services,Transportation,6,Other inter-city passenger transportation services,[HSTR001],Double,8,1
149,HSTR056A,All other inter-city passenger transportation services,Transportation,7,All other inter-city passenger transportation services,[HSTR001],Double,8,1
150,HSTR056B,Train,Transportation,7,Train,[HSTR001],Double,8,1
151,HSTR060,Household moving and storage services,Transportation,6,Household moving and storage services,[HSTR001],Double,8,1
152,HSHC001,Health care,Health Care,4,Health care,[HSHC001],Double,8,1
153,HSHC002,Direct costs to the household for health care,Health Care,5,Direct costs to the household for health care,[HSHC001],Double,8,1
154,HSHC064,"Prescribed medicines, pharmaceutical products/cannabis for medical use",Health Care,6,"Prescribed medicines, pharmaceutical products/cannabis for medical use",[HSHC001],Double,8,1
155,HSHC003,Prescribed medicines and pharmaceutical products,Health Care,7,Prescribed medicines and pharmaceutical products,[HSHC001],Double,8,1
156,HSHC063,Cannabis for medical use,Health Care,7,Cannabis for medical use,[HSHC001],Double,8,1
157,HSHC004,Non-prescribed medicines/pharmaceutical products/health care supplies,Health Care,6,Non-prescribed medicines/pharmaceutical products/health care supplies,[HSHC001],Double,8,1
158,HSHC044,Health care supplies and equipment,Health Care,7,Health care supplies and equipment,[HSHC001],Double,8,1
159,HSHC041,Health care equipment,Health Care,8,Health care equipment,[HSHC001],Double,8,1
160,HSHC053,Other health care equipment,Health Care,9,Other health care equipment,[HSHC001],Double,8,1
161,HSHC052,Major health care equipment,Health Care,9,Major health care equipment,[HSHC001],Double,8,1
162,HSHC040,Health care supplies,Health Care,8,Health care supplies,[HSHC001],Double,8,1
163,HSHC004A,Non-prescribed medicines and pharmaceutical products,Health Care,7,Non-prescribed medicines and pharmaceutical products,[HSHC001],Double,8,1
164,HSHC005,Health care services,Health Care,6,Health care services,[HSHC001],Double,8,1
165,HSHC006,Health care practitioners (excluding general practitioners/specialists),Health Care,7,Health care practitioners (excluding general practitioners/specialists),[HSHC001],Double,8,1
166,HSHC006A,Health care practitioners in the home,Health Care,8,Health care practitioners in the home,[HSHC001],Double,8,1
167,HSHC006B,Health care practitioners outside the home,Health Care,8,Health care practitioners outside the home,[HSHC001],Double,8,1
168,HSHC007,Health care by general practitioners and specialists,Health Care,7,Health care by general practitioners and specialists,[HSHC001],Double,8,1
169,HSHC008,"Weight control programs, quit-smoking programs/other medical services",Health Care,7,"Weight control programs, quit-smoking programs/other medical services",[HSHC001],Double,8,1
170,HSHC009,"Hospital care, nursing homes, and other residential care facilities",Health Care,7,"Hospital care, nursing homes, and other residential care facilities",[HSHC001],Double,8,1
171,HSHC010,Eye-care goods and services,Health Care,6,Eye-care goods and services,[HSHC001],Double,8,1
172,HSHC012,Prescription eye wear,Health Care,7,Prescription eye wear,[HSHC001],Double,8,1
173,HSHC014,Eye-care services,Health Care,7,Eye-care services,[HSHC001],Double,8,1
174,HSHC027,Non-prescription eye wear and other eye-care goods,Health Care,7,Non-prescription eye wear and other eye-care goods,[HSHC001],Double,8,1
175,HSHC026,Non-prescription eye wear (including sunglasses),Health Care,8,Non-prescription eye wear (including sunglasses),[HSHC001],Double,8,1
176,HSHC013,Other eye-care goods,Health Care,8,Other eye-care goods,[HSHC001],Double,8,1
177,HSHC015,Dental services,Health Care,6,Dental services,[HSHC001],Double,8,1
178,HSHC022,Private health insurance plan premiums,Health Care,5,Private health insurance plan premiums,[HSHC001],Double,8,1
179,HSHC061,Private health and dental plan premiums,Health Care,6,Private health and dental plan premiums,[HSHC001],Double,8,1
180,HSHC025,Accident or disability insurance premiums,Health Care,6,Accident or disability insurance premiums,[HSHC001],Double,8,1
181,HSPC001,Personal care,Personal Care,4,Personal care,[HSPC001],Double,8,1
182,HSPC002,Personal care products,Personal Care,5,Personal care products,[HSPC001],Double,8,1
183,HSPC003,Hair care products,Personal Care,6,Hair care products,[HSPC001],Double,8,1
184,HSPC004,"Makeup, skin care, manicure and fragrance products",Personal Care,6,"Makeup, skin care, manicure and fragrance products",[HSPC001],Double,8,1
185,HSPC004A,"Makeup, skin care and manicure products",Personal Care,7,"Makeup, skin care and manicure products",[HSPC001],Double,8,1
186,HSPC004B,Fragrance products,Personal Care,7,Fragrance products,[HSPC001],Double,8,1
187,HSPC005,Personal deodorants,Personal Care,6,Personal deodorants,[HSPC001],Double,8,1
188,HSPC006,Body soaps,Personal Care,6,Body soaps,[HSPC001],Double,8,1
189,HSPC007,Oral hygiene products,Personal Care,6,Oral hygiene products,[HSPC001],Double,8,1
190,HSPC008,Disposable diapers,Personal Care,6,Disposable diapers,[HSPC001],Double,8,1
191,HSPC030,Other personal care supplies and equipment,Personal Care,6,Other personal care supplies and equipment,[HSPC001],Double,8,1
192,HSPC009,Electric hair-styling and personal care appliances,Personal Care,7,Electric hair-styling and personal care appliances,[HSPC001],Double,8,1
193,HSPC011,Feminine hygiene products,Personal Care,7,Feminine hygiene products,[HSPC001],Double,8,1
194,HSPC012,All other personal care supplies and equipment,Personal Care,7,All other personal care supplies and equipment,[HSPC001],Double,8,1
195,HSPC020,Personal care services,Personal Care,5,Personal care services,[HSPC001],Double,8,1
196,HSPC021,Hair grooming services,Personal Care,6,Hair grooming services,[HSPC001],Double,8,1
197,HSPC023,Other personal care services,Personal Care,6,Other personal care services,[HSPC001],Double,8,1
198,HSRE001,Recreation,Recreation,4,Recreation,[HSRE001],Double,8,1
199,HSRE030,Recreational equipment and related services,Recreation,5,Recreational equipment and related services,[HSRE001],Double,8,1
200,HSRE125,"Sports, athletic and recreational equipment and related services",Recreation,6,"Sports, athletic and recreational equipment and related services",[HSRE001],Double,8,1
201,HSRE128,"Rental, maintenance/repairs of sports, athletic/recreational equipment",Recreation,7,"Rental, maintenance/repairs of sports, athletic/recreational equipment",[HSRE001],Double,8,1
202,HSRE003,"Sports, athletic and recreation equipment",Recreation,7,"Sports, athletic and recreation equipment",[HSRE001],Double,8,1
203,HSRE010,Computer equipment and supplies,Recreation,6,Computer equipment and supplies,[HSRE001],Double,8,1
204,HSRE012,Computer software and video game systems,Recreation,7,Computer software and video game systems,[HSRE001],Double,8,1
205,HSRE013,Computer software,Recreation,8,Computer software,[HSRE001],Double,8,1
206,HSRE014,Video game systems and parts for personal computers,Recreation,8,Video game systems and parts for personal computers,[HSRE001],Double,8,1
207,HSRE111,App downloads,Recreation,8,App downloads,[HSRE001],Double,8,1
208,HSRE112,Game downloads,Recreation,8,Game downloads,[HSRE001],Double,8,1
209,HSRE015,Computer supplies and other equipment,Recreation,7,Computer supplies and other equipment,[HSRE001],Double,8,1
210,HSRE011,Computer hardware,Recreation,7,Computer hardware,[HSRE001],Double,8,1
211,HSRE110,Tablet computers,Recreation,7,Tablet computers,[HSRE001],Double,8,1
212,HSRE114,E-book readers,Recreation,7,E-book readers,[HSRE001],Double,8,1
213,HSRE119,Wearable electronic devices,Recreation,7,Wearable electronic devices,[HSRE001],Double,8,1
214,HSRE016,Photographic goods and services,Recreation,6,Photographic goods and services,[HSRE001],Double,8,1
215,HSRE120,"Camcorders, cameras, parts, accessories and related equipment",Recreation,7,"Camcorders, cameras, parts, accessories and related equipment",[HSRE001],Double,8,1
216,HSRE020,Photographic services,Recreation,7,Photographic services,[HSRE001],Double,8,1
217,HSRE004,Outdoor play equipment and accessories,Recreation,6,Outdoor play equipment and accessories,[HSRE001],Double,8,1
218,HSRE005,Children's toys,Recreation,6,Children's toys,[HSRE001],Double,8,1
219,HSRE006,Video game systems and accessories,Recreation,6,Video game systems and accessories,[HSRE001],Double,8,1
220,HSRE007,Art and craft materials,Recreation,6,Art and craft materials,[HSRE001],Double,8,1
221,HSRE032,Other recreational equipment,Recreation,6,Other recreational equipment,[HSRE001],Double,8,1
222,HSRE021,"Musical instruments, parts and accessories",Recreation,7,"Musical instruments, parts and accessories",[HSRE001],Double,8,1
223,HSRE023,"Camping, picnic equipment and accessories",Recreation,7,"Camping, picnic equipment and accessories",[HSRE001],Double,8,1
224,HSRE024,Supplies and parts for recreational equipment,Recreation,7,Supplies and parts for recreational equipment,[HSRE001],Double,8,1
225,HSRE040,Home entertainment equipment and services,Recreation,5,Home entertainment equipment and services,[HSRE001],Double,8,1
226,HSRE041,Home entertainment equipment,Recreation,6,Home entertainment equipment,[HSRE001],Double,8,1
227,HSRE080,Audio equipment (portable and non-portable) and home theatre systems,Recreation,7,Audio equipment (portable and non-portable) and home theatre systems,[HSRE001],Double,8,1
228,HSRE045,Video equipment,Recreation,7,Video equipment,[HSRE001],Double,8,1
229,HSRE082,"DVD players, Blu-Ray players and other video equipment and accessories",Recreation,8,"DVD players, Blu-Ray players and other video equipment and accessories",[HSRE001],Double,8,1
230,HSRE116,Televisions,Recreation,8,Televisions,[HSRE001],Double,8,1
231,HSRE076,"Pre-recorded media, music downloads and blank audio and video media",Recreation,7,"Pre-recorded media, music downloads and blank audio and video media",[HSRE001],Double,8,1
232,HSRE050,"Pre-recorded audio and video cassette tapes, compact discs and DVDs",Recreation,8,"Pre-recorded audio and video cassette tapes, compact discs and DVDs",[HSRE001],Double,8,1
233,HSRE051M,"Blank audio and video tapes, CDs, DVDs and iTunes and other music downloads",Recreation,8,"Blank audio and video tapes, CDs, DVDs and iTunes and other music downloads",[HSRE001],Double,8,1
234,HSRE052,Home entertainment services,Recreation,6,Home entertainment services,[HSRE001],Double,8,1
235,HSRE060,Recreational services,Recreation,5,Recreational services,[HSRE001],Double,8,1
236,HSRE061,Entertainment,Recreation,6,Entertainment,[HSRE001],Double,8,1
237,HSRE067,Television and satellite radio services,Recreation,7,Television and satellite radio services,[HSRE001],Double,8,1
238,HSRE062,Movie theatres,Recreation,7,Movie theatres,[HSRE001],Double,8,1
239,HSRE063,Live sporting and performing arts events,Recreation,7,Live sporting and performing arts events,[HSRE001],Double,8,1
240,HSRE064,Live sporting events,Recreation,8,Live sporting events,[HSRE001],Double,8,1
241,HSRE065,Live performing arts events,Recreation,8,Live performing arts events,[HSRE001],Double,8,1
242,HSRE066,"Admission fees to museums, zoos, and other sites",Recreation,7,"Admission fees to museums, zoos, and other sites",[HSRE001],Double,8,1
243,HSRE091,Use of recreational facilities and fees - other recreational activities,Recreation,6,Use of recreational facilities and fees - other recreational activities,[HSRE001],Double,8,1
244,HSRE146,Sporting services,Recreation,7,Sporting services,[HSRE001],Double,8,1
245,HSRE073,Children's camps,Recreation,7,Children's camps,[HSRE001],Double,8,1
246,HSRE074,Package trips,Recreation,6,Package trips,[HSRE001],Double,8,1
247,HSRE142,Other recreational services,Recreation,6,Other recreational services,[HSRE001],Double,8,1
248,HSRV001,Recreational vehicles and associated services,Recreation,5,Recreational vehicles and associated services,[HSRE001],Double,8,1
249,HSRV020,Purchase of recreational vehicles,Recreation,6,Purchase of recreational vehicles,[HSRE001],Double,8,1
250,HSRV003,Purchase of motorcycles and snowmobiles,Recreation,7,Purchase of motorcycles and snowmobiles,[HSRE001],Double,8,1
251,HSRV003A,Purchase of motorcycles,Recreation,8,Purchase of motorcycles,[HSRE001],Double,8,1
252,HSRV003B,Purchase of snowmobiles,Recreation,8,Purchase of snowmobiles,[HSRE001],Double,8,1
253,HSRV004,Purchase of all-terrain vehicles,Recreation,7,Purchase of all-terrain vehicles,[HSRE001],Double,8,1
254,HSRV007,Purchase of bicycles,Recreation,7,Purchase of bicycles,[HSRE001],Double,8,1
255,HSRV005,Purchase of other recreational vehicles,Recreation,7,Purchase of other recreational vehicles,[HSRE001],Double,8,1
256,HSRV005B,Purchase of fifth wheel/travel trailers,Recreation,8,Purchase of fifth wheel/travel trailers,[HSRE001],Double,8,1
257,HSRV005M1,Non-motorized watercrafts and Motorized watercrafts,Recreation,8,Non-motorized watercrafts and Motorized watercrafts,[HSRE001],Double,8,1
258,HSRV005M2,"Tent trailers, travel trailers, truck campers, motorhomes, utility trailers and other types of recreational vehicles",Recreation,8,"Tent trailers, travel trailers, truck campers, motorhomes, utility trailers and other types of recreational vehicles",[HSRE001],Double,8,1
259,HSRV010,Operation of recreational vehicles,Recreation,6,Operation of recreational vehicles,[HSRE001],Double,8,1
260,HSRV011,Insurance premiums for recreational vehicles,Recreation,7,Insurance premiums for recreational vehicles,[HSRE001],Double,8,1
261,HSRV012,Registration fees and licenses for recreational vehicles,Recreation,7,Registration fees and licenses for recreational vehicles,[HSRE001],Double,8,1
262,HSRV016,"Parking, storage fees and other dues",Recreation,7,"Parking, storage fees and other dues",[HSRE001],Double,8,1
263,HSRV081,Other expenses for recreational vehicles,Recreation,7,Other expenses for recreational vehicles,[HSRE001],Double,8,1
264,HSRV013,Expenses for rented or leased recreational vehicles,Recreation,8,Expenses for rented or leased recreational vehicles,[HSRE001],Double,8,1
265,HSRV021,Supplies and parts for recreational vehicles,Recreation,8,Supplies and parts for recreational vehicles,[HSRE001],Double,8,1
266,HSRV022,Maintenance and repairs for recreational vehicles,Recreation,8,Maintenance and repairs for recreational vehicles,[HSRE001],Double,8,1
267,HSRO001,Reading materials and other printed matter,Reading Material,4,Reading materials and other printed matter,[HSRO001],Double,8,2
268,HSRO002,Newspapers,Reading Material,5,Newspapers,[HSRO001],Double,8,2
269,HSRO003,Magazines and periodicals,Reading Material,5,Magazines and periodicals,[HSRO001],Double,8,2
270,HSRO005,"Maps, sheet music and other printed matter",Reading Material,5,"Maps, sheet music and other printed matter",[HSRO001],Double,8,2
271,HSRO004,Books and E-Books (excluding school books),Reading Material,5,Books and E-Books (excluding school books),[HSRO001],Double,8,2
272,HSRO010,Services related to reading materials (e.g. photocopying/library fees),Reading Material,5,Services related to reading materials (e.g. photocopying/library fees),[HSRO001],Double,8,2
273,HSTA018,"Tobacco products, alcoholic beverages and cannabis for non-medical use",Tobacco and alcohol,4,"Tobacco products, alcoholic beverages and cannabis for non-medical use",[HSTA018],Double,8,2
274,HSTA005,Alcoholic beverages,Tobacco and alcohol,5,Alcoholic beverages,[HSTA018],Double,8,2
275,HSTA006,Alcoholic beverages served on licensed premises and in restaurants,Tobacco and alcohol,6,Alcoholic beverages served on licensed premises and in restaurants,[HSTA018],Double,8,2
276,HSTA007,Alcoholic beverages purchased from stores,Tobacco and alcohol,6,Alcoholic beverages purchased from stores,[HSTA018],Double,8,2
277,HSTA009,Beer,Tobacco and alcohol,7,Beer,[HSTA018],Double,8,2
278,HSTA010,Other alcoholic beverages purchased from stores,Tobacco and alcohol,7,Other alcoholic beverages purchased from stores,[HSTA018],Double,8,2
279,HSTA008,Self-made alcoholic beverages,Tobacco and alcohol,6,Self-made alcoholic beverages,[HSTA018],Double,8,2
280,HSTA002,Tobacco products and smokers' supplies,Tobacco and alcohol,5,Tobacco products and smokers' supplies,[HSTA018],Double,8,2
281,HSTA020,Cigarettes,Tobacco and alcohol,6,Cigarettes,[HSTA018],Double,8,2
282,HSTA015,"Other tobacco products, smokers' supplies and e-cigarettes",Tobacco and alcohol,6,"Other tobacco products, smokers' supplies and e-cigarettes",[HSTA018],Double,8,2
283,HSTA016,Cannabis for non-medical use,Tobacco and alcohol,5,Cannabis for non-medical use,[HSTA018],Double,8,2
284,HSGC001,Games of chance,Games of Chance,4,Games of chance,[HSGC001],Double,8,2
285,HSGC002,Government-run lotteries,Games of Chance,5,Government-run lotteries,[HSGC001],Double,8,2
286,HSGC003,Other games of chance,Games of Chance,5,Other games of chance,[HSGC001],Double,8,2
287,HSGC010,"Casinos, bingos and gaming machines",Games of Chance,6,"Casinos, bingos and gaming machines",[HSGC001],Double,8,2
288,HSGC003A,"Casinos, slot machines, and video lottery terminals",Games of Chance,7,"Casinos, slot machines, and video lottery terminals",[HSGC001],Double,8,2
289,HSGC003B,Bingos,Games of Chance,7,Bingos,[HSGC001],Double,8,2
290,HSGC003C,Non-government lotteries and raffle tickets,Games of Chance,6,Non-government lotteries and raffle tickets,[HSGC001],Double,8,2
291,HSME001,Miscellaneous expenditures,Miscellaneous expenditures,4,Miscellaneous expenditures,[HSME001],Double,8,2
292,HSME040,Other miscellaneous goods and services,Miscellaneous expenditures,5,Other miscellaneous goods and services,[HSME001],Double,8,2
293,HSME036,Fines,Miscellaneous expenditures,6,Fines,[HSME001],Double,8,2
294,HSME012,Legal services not related to dwellings,Miscellaneous expenditures,6,Legal services not related to dwellings,[HSME001],Double,8,2
295,HSME045,Dues to unions and professional associations,Miscellaneous expenditures,6,Dues to unions and professional associations,[HSME001],Double,8,2
296,HSME014,Contributions and dues for social clubs and other organizations,Miscellaneous expenditures,6,Contributions and dues for social clubs and other organizations,[HSME001],Double,8,2
297,HSME037,Funeral services,Miscellaneous expenditures,6,Funeral services,[HSME001],Double,8,2
298,HSME016,Government services,Miscellaneous expenditures,6,Government services,[HSME001],Double,8,2
299,HSME017,Wholesale/retail memberships,Miscellaneous expenditures,6,Wholesale/retail memberships,[HSME001],Double,8,2
300,HSME024,Convenience fees,Miscellaneous expenditures,6,Convenience fees,[HSME001],Double,8,2
301,HSME021,Other goods and services,Miscellaneous expenditures,6,Other goods and services,[HSME001],Double,8,2
302,HSME019,Recycling fees and other environmental fees,Miscellaneous expenditures,6,Recycling fees and other environmental fees,[HSME001],Double,8,2
303,HSME020,Other general expenditures,Miscellaneous expenditures,6,Other general expenditures,[HSME001],Double,8,2
304,HSME039,Financial services,Miscellaneous expenditures,5,Financial services,[HSME001],Double,8,2
305,HSME030,Service charges for banks and other financial institutions,Miscellaneous expenditures,6,Service charges for banks and other financial institutions,[HSME001],Double,8,2
306,HSME038,Administration fees for brokers and stock and bond commissions,Miscellaneous expenditures,6,Administration fees for brokers and stock and bond commissions,[HSME001],Double,8,2
307,HSME006,Other financial services,Miscellaneous expenditures,6,Other financial services,[HSME001],Double,8,2
308,HSSH001,Shelter,Shelter,4,Shelter,[HSSH001],Double,8,2
309,HSSH002,Principal accommodation,Shelter,5,Principal accommodation,[HSSH001],Double,8,2
310,HSSH003,Rented principal residence,Shelter,6,Rented principal residence,[HSSH001],Double,8,2
311,HSSH004,Rent,Shelter,7,Rent,[HSSH001],Double,8,2
312,HSSH053,Annual rent payment,Shelter,8,Annual rent payment,[HSSH001],Double,8,2
313,HSSH054,Additional amounts paid to the landlord,Shelter,8,Additional amounts paid to the landlord,[HSSH001],Double,8,2
314,HSSH005,Tenants' repairs and improvements,Shelter,7,Tenants' repairs and improvements,[HSSH001],Double,8,2
315,HSSH006,Tenants' insurance premiums,Shelter,7,Tenants' insurance premiums,[HSSH001],Double,8,2
316,HSSH007,Parking at rented living quarters (excl. amounts reported with rent),Shelter,7,Parking at rented living quarters (excl. amounts reported with rent),[HSSH001],Double,8,2
317,HSSH010,Owned principal residence,Shelter,6,Owned principal residence,[HSSH001],Double,8,2
318,HSSH011,Mortgage paid on the owned principal residence,Shelter,7,Mortgage paid on the owned principal residence,[HSSH001],Double,8,2
319,HSSH013,Condominium fees for owned principal residence,Shelter,7,Condominium fees for owned principal residence,[HSSH001],Double,8,2
320,HSSH014,Property and school taxes for owned principal residence,Shelter,7,Property and school taxes for owned principal residence,[HSSH001],Double,8,2
321,HSSH015,Homeowners' property insurance for owned principal residence,Shelter,7,Homeowners' property insurance for owned principal residence,[HSSH001],Double,8,2
322,HSSH016,Other expenditures for owned principal residence,Shelter,7,Other expenditures for owned principal residence,[HSSH001],Double,8,2
323,HSSH017,Real estate commissions paid for the sale of principal residence(s),Shelter,8,Real estate commissions paid for the sale of principal residence(s),[HSSH001],Double,8,2
324,HSSH018,Legal charges related to owned principal residence,Shelter,8,Legal charges related to owned principal residence,[HSSH001],Double,8,2
325,HSSH019,Premiums for mortgage-related insurance for owned principal residence,Shelter,8,Premiums for mortgage-related insurance for owned principal residence,[HSSH001],Double,8,2
326,HSSH020,All other expenses related to the owned principal residence,Shelter,8,All other expenses related to the owned principal residence,[HSSH001],Double,8,2
327,HSSH021,"Registration fees, renewal fees and early renewal or closing penalties",Shelter,8,"Registration fees, renewal fees and early renewal or closing penalties",[HSSH001],Double,8,2
328,HSSH022,Land transfer taxes and land registration fees for purchased principial residences,Shelter,8,Land transfer taxes and land registration fees for purchased principial residences,[HSSH001],Double,8,2
329,HSSH082,Repairs and maintenance of all owned principal residences,Shelter,7,Repairs and maintenance of all owned principal residences,[HSSH001],Double,8,2
330,HSOI040Z,Spending on non-contract work/labour of total spending for repairs/maintenance,Shelter,8,Spending on non-contract work/labour of total spending for repairs/maintenance,[HSSH001],Double,8,2
331,HSOI040,Spending on contract work/labour of total spending for repairs/maintenance,Shelter,8,Spending on contract work/labour of total spending for repairs/maintenance,[HSSH001],Double,8,2
332,HSSH082B,Repairs and maintenance to owned principal residence,Shelter,7,Repairs and maintenance to owned principal residence,[HSSH001],Double,8,2
333,HSRM002A,Exterior painting or staining,Remodeling and Repairs,8,Exterior painting or staining,[HSSH001],Double,8,2
334,HSRM002B,Interior painting or wallpapering,Remodeling and Repairs,8,Interior painting or wallpapering,[HSSH001],Double,8,2
335,HSRM003A,Interior walls and ceilings,Remodeling and Repairs,8,Interior walls and ceilings,[HSSH001],Double,8,2
336,HSRM003B,Caulking and weather stripping,Remodeling and Repairs,8,Caulking and weather stripping,[HSSH001],Double,8,2
337,HSRM004,Insulation,Remodeling and Repairs,8,Insulation,[HSSH001],Double,8,2
338,HSRM005,"Fences, driveways, patios, swimming pools, hot tubs and ponds",Remodeling and Repairs,8,"Fences, driveways, patios, swimming pools, hot tubs and ponds",[HSSH001],Double,8,2
339,HSRM006,Roofs,Remodeling and Repairs,8,Roofs,[HSSH001],Double,8,2
340,HSRM007,Eavestroughing,Remodeling and Repairs,8,Eavestroughing,[HSSH001],Double,8,2
341,HSRM008M,"Exterior walls, siding, soffits, facia, chimneys and concrete basement floor",Remodeling and Repairs,8,"Exterior walls, siding, soffits, facia, chimneys and concrete basement floor",[HSSH001],Double,8,2
342,HSRM009A,Windows and exterior doors,Remodeling and Repairs,8,Windows and exterior doors,[HSSH001],Double,8,2
343,HSRM009B,Interior doors,Remodeling and Repairs,8,Interior doors,[HSSH001],Double,8,2
344,HSRM010,Hard surface flooring and wall-to-wall carpeting,Remodeling and Repairs,8,Hard surface flooring and wall-to-wall carpeting,[HSSH001],Double,8,2
345,HSRM011,Plumbing fixtures and equipment,Remodeling and Repairs,8,Plumbing fixtures and equipment,[HSSH001],Double,8,2
346,HSRM012,Septic systems and wells,Remodeling and Repairs,8,Septic systems and wells,[HSSH001],Double,8,2
347,HSRM013,Heating and/or air conditioning equipment,Remodeling and Repairs,8,Heating and/or air conditioning equipment,[HSSH001],Double,8,2
348,HSRM015M,Electrical fixtures and equipment and home security devices,Remodeling and Repairs,8,Electrical fixtures and equipment and home security devices,[HSSH001],Double,8,2
349,HSRM016,Other repairs and maintenance,Remodeling and Repairs,8,Other repairs and maintenance,[HSSH001],Double,8,2
350,HSSH030,"Water, fuel and electricity for principal accommodation",Shelter,6,"Water, fuel and electricity for principal accommodation",[HSSH001],Double,8,2
351,HSSH030A,Water and sewage for principal accommodation,Shelter,7,Water and sewage for principal accommodation,[HSSH001],Double,8,2
352,HSSH030B,Electricity for principal accommodation,Shelter,7,Electricity for principal accommodation,[HSSH001],Double,8,2
353,HSSH030C,Natural gas for principal accommodation,Shelter,7,Natural gas for principal accommodation,[HSSH001],Double,8,2
354,HSSH034,Other fuel for principal accommodation,Shelter,7,Other fuel for principal accommodation,[HSSH001],Double,8,2
355,HSSH034A,Propane for principal accommodation,Shelter,8,Propane for principal accommodation,[HSSH001],Double,8,2
356,HSSH034B,"Heating oil, wood and other fuel for principal accommodation",Shelter,8,"Heating oil, wood and other fuel for principal accommodation",[HSSH001],Double,8,2
357,HSSH040,Other accommodation,Shelter,5,Other accommodation,[HSSH001],Double,8,2
358,HSSH041,Owned secondary residences,Shelter,6,Owned secondary residences,[HSSH001],Double,8,2
359,HSSH042,Mortgage paid on owned secondary residences,Shelter,7,Mortgage paid on owned secondary residences,[HSSH001],Double,8,2
360,HSSH044,Property insurance for owned secondary residences,Shelter,7,Property insurance for owned secondary residences,[HSSH001],Double,8,2
361,HSSH046,Other expenses for owned secondary residences,Shelter,7,Other expenses for owned secondary residences,[HSSH001],Double,8,2
362,HSSH046A,Other expenses associated with owned secondary residences,Shelter,8,Other expenses associated with owned secondary residences,[HSSH001],Double,8,2
363,HSSH046B,Real estate commissions paid for the sale of secondary residence(s),Shelter,8,Real estate commissions paid for the sale of secondary residence(s),[HSSH001],Double,8,2
364,HSSH046C,Repairs and maintenance of owned secondary residences,Shelter,8,Repairs and maintenance of owned secondary residences,[HSSH001],Double,8,2
365,HSSH060,Communication and security services for owned secondary residences,Shelter,7,Communication and security services for owned secondary residences,[HSSH001],Double,8,2
366,HSSH061,"Property/school taxes, water/sewage charges for owned secondary residences",Shelter,7,"Property/school taxes, water/sewage charges for owned secondary residences",[HSSH001],Double,8,2
367,HSSH062,Electricity and fuel for owned secondary residences,Shelter,7,Electricity and fuel for owned secondary residences,[HSSH001],Double,8,2
368,HSSH047,Other owned properties,Shelter,6,Other owned properties,[HSSH001],Double,8,2
369,HSSH047A,Mortgage paid on other owned property(ies),Shelter,7,Mortgage paid on other owned property(ies),[HSSH001],Double,8,2
370,HSSH047C,Repairs and improvements of other owned property(ies),Shelter,7,Repairs and improvements of other owned property(ies),[HSSH001],Double,8,2
371,HSSH047M,Real estate commissions paid for the sale and other expenses associated with other owned property,Shelter,7,Real estate commissions paid for the sale and other expenses associated with other owned property,[HSSH001],Double,8,2
372,HSSH050,Accommodation away from home,Shelter,6,Accommodation away from home,[HSSH001],Double,8,2
373,HSSH051,Hotels and motels,Shelter,7,Hotels and motels,[HSSH001],Double,8,2
374,HSSH052,Other accommodation away from home,Shelter,7,Other accommodation away from home,[HSSH001],Double,8,2
375,HSCL030,Clothing and accessories,Clothing,4,Clothing and accessories,[HSCL030],Double,8,2
376,HSCL029,Women's and girls' wear (14 years and over),Clothing,5,Women's and girls' wear (14 years and over),[HSCL030],Double,8,2
377,HSCL027,Clothing (women and girls),Clothing,6,Clothing (women and girls),[HSCL030],Double,8,2
378,HSCL028,Footwear (women and girls),Clothing,6,Footwear (women and girls),[HSCL030],Double,8,2
379,HSCL026,Men's and boys' wear (14 years and over),Clothing,5,Men's and boys' wear (14 years and over),[HSCL030],Double,8,2
380,HSCL024,Clothing (men and boys),Clothing,6,Clothing (men and boys),[HSCL030],Double,8,2
381,HSCL025,Footwear (men and boys),Clothing,6,Footwear (men and boys),[HSCL030],Double,8,2
382,HSCL023,Children's wear (under 14 years),Clothing,5,Children's wear (under 14 years),[HSCL030],Double,8,2
383,HSCL021,Clothing and cloth diapers (children),Clothing,6,Clothing and cloth diapers (children),[HSCL030],Double,8,2
384,HSCL022,Footwear (children),Clothing,6,Footwear (children),[HSCL030],Double,8,2
385,HSCL020,Athletic footwear,Clothing,5,Athletic footwear,[HSCL030],Double,8,2
386,HSCL019,Accessories,Clothing,5,Accessories,[HSCL030],Double,8,2
387,HSCL018,Watches and jewellery,Clothing,5,Watches and jewellery,[HSCL030],Double,8,2
388,HSCL017,"Clothing material, yarn, thread and other notions",Clothing,5,"Clothing material, yarn, thread and other notions",[HSCL030],Double,8,2
389,HSCL016,Clothing services,Clothing,5,Clothing services,[HSCL030],Double,8,2
390,HSCL014,"Laundromats, dry-cleaning and laundry services",Clothing,6,"Laundromats, dry-cleaning and laundry services",[HSCL030],Double,8,2
391,HSCL015,"Services for clothing, footwear and jewellery",Clothing,6,"Services for clothing, footwear and jewellery",[HSCL030],Double,8,2
392,HSED002,Education,Education,4,Education,[HSED002],Double,8,2
393,HSED003,Tuition fees,Education,5,Tuition fees,[HSED002],Double,8,2
394,HSED004,"Tuition fees for kindergarten, elementary and secondary schools",Education,6,"Tuition fees for kindergarten, elementary and secondary schools",[HSED002],Double,8,2
395,HSED005,Tuition fees for university,Education,6,Tuition fees for university,[HSED002],Double,8,2
396,HSED006,Tuition fees for other post-secondary education,Education,6,Tuition fees for other post-secondary education,[HSED002],Double,8,2
397,HSED007,Other educational services,Education,6,Other educational services,[HSED002],Double,8,2
398,HSED008,Other courses and lessons,Education,6,Other courses and lessons,[HSED002],Double,8,2
399,HSED030,Textbooks and school supplies,Education,5,Textbooks and school supplies,[HSED002],Double,8,2
400,HSED025,School supplies,Education,6,School supplies,[HSED002],Double,8,2
401,HSED024,Textbooks,Education,6,Textbooks,[HSED002],Double,8,2
402,HSEP011,Personal insurance premiums and retirement/pension fund contributions,Premiums and pension contributions,3,Personal insurance premiums and retirement/pension fund contributions,[HSEP011],Double,8,2
403,HSEP012,Employment insurance and Quebec parental insurance premiums,Premiums and pension contributions,4,Employment insurance and Quebec parental insurance premiums,[HSEP011],Double,8,2
404,HSEP015,Retirement and pension fund payments,Premiums and pension contributions,4,Retirement and pension fund payments,[HSEP011],Double,8,2
405,HSEP013,Canada and Quebec pension plan contributions,Premiums and pension contributions,5,Canada and Quebec pension plan contributions,[HSEP011],Double,8,2
406,HSEP014,Employer pension plan contributions,Premiums and pension contributions,5,Employer pension plan contributions,[HSEP011],Double,8,2
407,HSEP007,"Premiums on life, term and endowment insurance",Premiums and pension contributions,4,"Premiums on life, term and endowment insurance",[HSEP011],Double,8,2
408,HSMG001,"Gifts of money, support payments and charitable contributions",Money Gifts,3,"Gifts of money, support payments and charitable contributions",[HSMG001],Double,8,2
409,HSMG002,Gifts of money and support payments,Money Gifts,4,Gifts of money and support payments,[HSMG001],Double,8,2
410,HSMG003,Gifts of money to persons living in Canada,Money Gifts,5,Gifts of money to persons living in Canada,[HSMG001],Double,8,2
411,HSMG004,Gifts of money to persons living outside Canada,Money Gifts,5,Gifts of money to persons living outside Canada,[HSMG001],Double,8,2
412,HSMG010,Alimony and child support,Money Gifts,5,Alimony and child support,[HSMG001],Double,8,2
413,HSMG009,Charitable contributions,Money Gifts,4,Charitable contributions,[HSMG001],Double,8,2
414,HSTE001ZB,Total Non Current Consumption,Real Estate,2,Total Non Current Consumption,[HSTE001ZB],Double,8,2
415,HSWH040,Net purchase price of owned residences,Real Estate,3,Net purchase price of owned residences,[HSTE001ZB],Double,8,2
416,HSWH021,Purchase price of principal residence(s) (bought in survey year),Real Estate,4,Purchase price of principal residence(s) (bought in survey year),[HSTE001ZB],Double,8,2
417,HSWH022,Selling price of principal residence(s) (sold in survey year),Real Estate,4,Selling price of principal residence(s) (sold in survey year),[HSTE001ZB],Double,8,2
418,HSWH041,Net purchase price of owned secondary residences,Real Estate,3,Net purchase price of owned secondary residences,[HSTE001ZB],Double,8,2
419,HSWH026,Purchase price of secondary residences (bought in survey year),Real Estate,4,Purchase price of secondary residences (bought in survey year),[HSTE001ZB],Double,8,2
420,HSWH027,Selling price of secondary residences (sold in survey year),Real Estate,4,Selling price of secondary residences (sold in survey year),[HSTE001ZB],Double,8,2
421,HSWH042,Net purchase price of other owned properties,Real Estate,3,Net purchase price of other owned properties,[HSTE001ZB],Double,8,2
422,HSWH031,Purchase price of other properties (bought in survey year),Real Estate,4,Purchase price of other properties (bought in survey year),[HSTE001ZB],Double,8,2
423,HSWH032,Selling price of other properties (sold in survey year),Real Estate,4,Selling price of other properties (sold in survey year),[HSTE001ZB],Double,8,2
424,HSWH050,Owned principal residence improvements and renovations,Real Estate,3,Owned principal residence improvements and renovations,[HSTE001ZB],Double,8,2
425,HSOI030Z,Spending on non-contract work/labour of total spending on improvements/renovations,Real Estate,4,Spending on non-contract work/labour of total spending on improvements/renovations,[HSTE001ZB],Double,8,2
426,HSOI030,Spending on contract work/labour of total spending on improvements/renovations,Real Estate,4,Spending on contract work/labour of total spending on improvements/renovations,[HSTE001ZB],Double,8,2
427,HSWH028,Improvements and renovations of secondary residences,Real Estate,3,Improvements and renovations of secondary residences,[HSTE001ZB],Double,8,2
428,HSWH050B,Improvements and alterations to owned principal residence,Real Estate,3,Improvements and alterations to owned principal residence,[HSTE001ZB],Double,8,2
429,HSWH003A,Exterior additions or extensions,Real Estate,4,Exterior additions or extensions,[HSTE001ZB],Double,8,2
430,HSWH003B,Interior additions or extensions,Real Estate,4,Interior additions or extensions,[HSTE001ZB],Double,8,2
431,HSWH005,Insulation,Real Estate,4,Insulation,[HSTE001ZB],Double,8,2
432,HSWH006,"Fences, driveways, patios, swimming pools, hot tubs and major landscaping projects",Real Estate,4,"Fences, driveways, patios, swimming pools, hot tubs and major landscaping projects",[HSTE001ZB],Double,8,2
433,HSWH007,Complete re-roofing,Real Estate,4,Complete re-roofing,[HSTE001ZB],Double,8,2
434,HSWH008,Eavestroughing,Real Estate,4,Eavestroughing,[HSTE001ZB],Double,8,2
435,HSWH009M,"Concrete basement floor, exterior walls, siding, soffits, facia, chimneys and foundations",Real Estate,4,"Concrete basement floor, exterior walls, siding, soffits, facia, chimneys and foundations",[HSTE001ZB],Double,8,2
436,HSWH010A,Windows and exterior doors,Real Estate,4,Windows and exterior doors,[HSTE001ZB],Double,8,2
437,HSWH010B,Interior windows and doors,Real Estate,4,Interior windows and doors,[HSTE001ZB],Double,8,2
438,HSWH011,Hard surface flooring,Real Estate,4,Hard surface flooring,[HSTE001ZB],Double,8,2
439,HSWH012,Plumbing fixtures and equipment,Real Estate,4,Plumbing fixtures and equipment,[HSTE001ZB],Double,8,2
440,HSWH013,Septic systems and wells,Real Estate,4,Septic systems and wells,[HSTE001ZB],Double,8,2
441,HSWH014,Heating and/or air conditioning equipment,Real Estate,4,Heating and/or air conditioning equipment,[HSTE001ZB],Double,8,2
442,HSWH015,Home Security Devices,Real Estate,4,Home Security Devices,[HSTE001ZB],Double,8,2
443,HSWH016,Central vacuums,Real Estate,4,Central vacuums,[HSTE001ZB],Double,8,2
444,HSWH017,Other,Real Estate,4,Other,[HSTE001ZB],Double,8,2
445,HSWH100,Renovating/remodelling of rooms,Real Estate,4,Renovating/remodelling of rooms,[HSTE001ZB],Double,8,2
446,HSWH101,Finishing the basement,Real Estate,4,Finishing the basement,[HSTE001ZB],Double,8,2
